{
  "packages": [
    {
      "name": "Pokken Controller",
      "maintainer": "Jas2o",
      "websiteURL": "https://github.com/quinman24/POKKEN_CONTROLLER_board/",
      "email" : "nintendoswitch7847@gmail.com",
      "platforms": [
        {
          "name": "Pokken Controller Boards",
          "architecture": "avr",
          "version": "2.0.0",
          "category": "Arduino",
          "url": "https://github.com/quinman24/POKKEN_CONTROLLER_board/blob/main/Pokken_Controller-2.0.zip?raw=true",
          "archiveFileName": "Pokken_Controller-2.0.zip",
          "checksum": "SHA-256:ab9adeae2593d774d600d705b02ebf65",
          "size": "23520036",
          "boards": [
            {
              "name": "Leonardo-POKKEN CONTROLLER"
            },
            {
              "name": "Micro-POKKEN CONTROLLER"
            }
          ],
          "toolsDependencies": [
            {
              "packager": "arduino",
              "name": "avr-gcc",
              "version": "7.3.0-atmel3.6.1-arduino7"
            },
            {
              "packager": "arduino",
              "name": "avrdude",
              "version": "6.3.0-arduino17"
            },
            {
              "packager": "arduino",
              "name": "arduinoOTA",
              "version": "1.3.0"
            }
          ]
        }
      ],
	  "tools": 
	  [
	  ]
    }
  ]
}
